link,faculty
/cattedreonline/corso/M423/0/LMPAGEBASE/2024,"Policies and governance in europe"
/cattedreonline/corso/M423/0/LM20IRBASE/2024,"International relations"
/cattedreonline/corso/AN8/0/L22PPEBASE/2024,"Politics: philosophy and economics"
/cattedreonline/corso/T018/0/L22PPEBASE/2024,"Politics: philosophy and economics"
/cattedreonline/corso/978/A/L21BBBASE/2024,"Economics and business"
/cattedreonline/corso/978/B/L21BBBASE/2024,"Economics and business"
/cattedreonline/corso/TP03/0/3GSLMDZ/2024,"Giurisprudenza"
/cattedreonline/corso/RM262/0/LMEFIRM/2024,"Economia e finanza"
/cattedreonline/corso/M262/0/LMEFIAE/2024,"Economia e finanza"
/cattedreonline/corso/M170/0/LM19ABASE/2024,"Amministrazione, finanza e controllo"
/cattedreonline/corso/M254/0/19FLMF1/2024,"Economia e finanza"
/cattedreonline/corso/M222/A/19MLMBASE/2024,"Management"
/cattedreonline/corso/M264/A/LM19WBASE/2024,"Corporate finance"
/cattedreonline/corso/M222/B/19MLMBASE/2024,"Management"
/cattedreonline/corso/M264/B/LM19WBASE/2024,"Corporate finance"
/cattedreonline/corso/M335/0/LMEFIAE/2024,"Economia e finanza"
/cattedreonline/corso/RM335/0/LMEFIRM/2024,"Economia e finanza"
/cattedreonline/corso/M114/0/LMEFIRM/2024,"Economia e finanza"
/cattedreonline/corso/SJJ/0/LMEFIRM/2024,"Economia e finanza"
/cattedreonline/corso/M292/A/19MLMBASE/2024,"Management"
/cattedreonline/corso/M292/B/19MLMBASE/2024,"Management"
/cattedreonline/corso/EFI08/0/LMEFIAE/2024,"Economia e finanza"
/cattedreonline/corso/DSM01/0/LMDSMBASE/2024,"Data science and management"
/cattedreonline/corso/M468/0/L21BABASE/2024,"Business administration"
/cattedreonline/corso/M468/0/L22PPEBASE/2024,"Politics: philosophy and economics"
/cattedreonline/corso/M468/0/L22PSBASE/2024,"Scienze politiche"
/cattedreonline/corso/EM84/0/LMDSMBASE/2024,"Data science and management"
/cattedreonline/corso/M406/0/3GSLMDL/2024,"Giurisprudenza"
/cattedreonline/corso/SMDEF00005/0/LM19ABASE/2024,"Amministrazione, finanza e controllo"
/cattedreonline/corso/SMDEF00005/0/LMDSMBASE/2024,"Data science and management"
/cattedreonline/corso/SMDEF00005/0/LM19KBASE/2024,"Marketing"
/cattedreonline/corso/SMDEF00005/0/LM19WBASE/2024,"Corporate finance"
/cattedreonline/corso/SMDEF00005/0/19FLMBASE/2024,"Economia e finanza"
/cattedreonline/corso/SMDEF00005/0/19MLMBASE/2024,"Management"
/cattedreonline/corso/SMDEF00005/0/LMSMIBASE/2024,"Strategic management, innovation and sustainability"
/cattedreonline/corso/SMDEF00005/0/LM19GMBASE/2024,"Global management and politics"
/cattedreonline/corso/TDS06/0/LAIMBASE/2024,"Management and artificial intelligence"
/cattedreonline/corso/T069/0/L21BBBASE/2024,"Economics and business"
/cattedreonline/corso/T069/0/1EEL2BASE/2024,"Economia e management"
/cattedreonline/corso/MRK20/A/LM19KBASE/2024,"Marketing"
/cattedreonline/corso/MRK20/B/LM19KBASE/2024,"Marketing"
/cattedreonline/corso/MRK15/A/LM19KBASE/2024,"Marketing"
/cattedreonline/corso/MRK15/B/LM19KBASE/2024,"Marketing"
/cattedreonline/corso/ET21/0/1EEL2BASE/2024,"Economia e management"
/cattedreonline/corso/MRK17/A/LM19KBASE/2024,"Marketing"
/cattedreonline/corso/MRK17/B/LM19KBASE/2024,"Marketing"
/cattedreonline/corso/M093/0/LMGAPGA/2024,"Governo, amministrazione e politica"
/cattedreonline/corso/EM25/0/LM19ABASE/2024,"Amministrazione, finanza e controllo"
/cattedreonline/corso/MRK19/A/LM19KBASE/2024,"Marketing"
/cattedreonline/corso/MRK19/B/LM19KBASE/2024,"Marketing"
/cattedreonline/corso/BA012/A/L21BABASE/2024,"Business administration"
/cattedreonline/corso/BA012/B/L21BABASE/2024,"Business administration"
/cattedreonline/corso/M240/0/LMEFIRM/2024,"Economia e finanza"
/cattedreonline/corso/AC3/A/L21BBBASE/2024,"Economics and business"
/cattedreonline/corso/AC3/B/L21BBBASE/2024,"Economics and business"
/cattedreonline/corso/SAZ/0/LM20IRBASE/2024,"International relations"
/cattedreonline/corso/EM67/0/LMDSMBASE/2024,"Data science and management"
/cattedreonline/corso/EM67/0/19MLMBASE/2024,"Management"
/cattedreonline/corso/GPDI01/0/3GSLMDZ/2024,"Giurisprudenza"
/cattedreonline/corso/T085/0/L22PSBASE/2024,"Scienze politiche"
/cattedreonline/corso/T085/0/L21BABASE/2024,"Business administration"
/cattedreonline/corso/T085/0/L22PPEBASE/2024,"Politics: philosophy and economics"
/cattedreonline/corso/M217/0/19FLMF1/2024,"Economia e finanza"
/cattedreonline/corso/RM317/0/LMEFIRM/2024,"Economia e finanza"
/cattedreonline/corso/M253/A/LM19WBASE/2024,"Corporate finance"
/cattedreonline/corso/M253/B/LM19WBASE/2024,"Corporate finance"
/cattedreonline/corso/RM336/0/LMEFIRM/2024,"Economia e finanza"
/cattedreonline/corso/BI012/0/LM19KBI/2024,"Marketing"
/cattedreonline/corso/MRK09/0/LM19KBASE/2024,"Marketing"
/cattedreonline/corso/MRK03/0/LM19KBASE/2024,"Marketing"
/cattedreonline/corso/AN7/A/L22PPEBASE/2024,"Politics: philosophy and economics"
/cattedreonline/corso/AN7/B/L22PPEBASE/2024,"Politics: philosophy and economics"
/cattedreonline/corso/M312/0/19FLMBASE/2024,"Economia e finanza"
/cattedreonline/corso/DSM08/0/LMDSMBASE/2024,"Data science and management"
/cattedreonline/corso/T039/0/L22PSBASE/2024,"Scienze politiche"
/cattedreonline/corso/T039/0/L22PPEBASE/2024,"Politics: philosophy and economics"
/cattedreonline/corso/ET12/0/L21BBBASE/2024,"Economics and business"
/cattedreonline/corso/EFI06/0/19FLMF1/2024,"Economia e finanza"
/cattedreonline/corso/SMDIM0023/0/LM19GMBASE/2024,"Global management and politics"
/cattedreonline/corso/SMBGROUP1/0/19FLMBASE/2024,"Economia e finanza"
/cattedreonline/corso/SMDIM0023/0/LM19ABASE/2024,"Amministrazione, finanza e controllo"
/cattedreonline/corso/SMDIM0023/0/LMDSMBASE/2024,"Data science and management"
/cattedreonline/corso/SMDIM0023/0/LM19KBASE/2024,"Marketing"
/cattedreonline/corso/SMDIM0023/0/LM19WBASE/2024,"Corporate finance"
/cattedreonline/corso/SMDIM0023/0/19MLMBASE/2024,"Management"
/cattedreonline/corso/SMDIM0023/0/LMSMIBASE/2024,"Strategic management, innovation and sustainability"
/cattedreonline/corso/M514IN/0/LM19KMK/2024,"Marketing"
/cattedreonline/corso/M514IT/0/LM19KMA/2024,"Marketing"
/cattedreonline/corso/EM43/0/LMGAPPC/2024,"Governo, amministrazione e politica"
/cattedreonline/corso/GMP14/0/LM19GMBASE/2024,"Global management and politics"
/cattedreonline/corso/ET49/0/1EEL2BASE/2024,"Economia e management"
/cattedreonline/corso/M221/0/19MLMMI/2024,"Management"
/cattedreonline/corso/M221/0/LM19WBASE/2024,"Corporate finance"
/cattedreonline/corso/M221/0/LM19GMBASE/2024,"Global management and politics"
/cattedreonline/corso/M221/0/LM19ABASE/2024,"Amministrazione, finanza e controllo"
/cattedreonline/corso/M246/0/LM19WBASE/2024,"Corporate finance"
/cattedreonline/corso/BA03/A/L21BABASE/2024,"Business administration"
/cattedreonline/corso/BA03/B/L21BABASE/2024,"Business administration"
/cattedreonline/corso/AG7/0/L21BABASE/2024,"Business administration"
/cattedreonline/corso/AG7/0/L21BBMA/2024,"Economics and business"
/cattedreonline/corso/M249/A/LM19WBASE/2024,"Corporate finance"
/cattedreonline/corso/M249/B/LM19WBASE/2024,"Corporate finance"
/cattedreonline/corso/EFI05/0/LMEFIAE/2024,"Economia e finanza"
/cattedreonline/corso/ACE02/0/L21BABASE/2024,"Business administration"
/cattedreonline/corso/M496/0/LM20IRBASE/2024,"International relations"
/cattedreonline/corso/AI7/0/L22PSBASE/2024,"Scienze politiche"
/cattedreonline/corso/AI7/0/L22PPEBASE/2024,"Politics: philosophy and economics"
/cattedreonline/corso/TP01/0/3GSLMDZ/2024,"Giurisprudenza"
/cattedreonline/corso/TP05/0/3GSLMDZ/2024,"Giurisprudenza"
/cattedreonline/corso/M530/0/3GSLMDL/2024,"Giurisprudenza"
/cattedreonline/corso/EM63/0/19FLM1B/2024,"Economia e finanza"
/cattedreonline/corso/EM63/0/LM19WBASE/2024,"Corporate finance"
/cattedreonline/corso/LABA01/A/L21BABASE/2024,"Business administration"
/cattedreonline/corso/LABA01/B/L21BABASE/2024,"Business administration"
/cattedreonline/corso/LABA02/A/L21BABASE/2024,"Business administration"
/cattedreonline/corso/LABA02/B/L21BABASE/2024,"Business administration"
/cattedreonline/corso/M540/0/LMGAPBASE/2024,"Governo, amministrazione e politica"
/cattedreonline/corso/M377/0/3GSLMDA/2024,"Giurisprudenza"
/cattedreonline/corso/M377/0/LMPAGECHPM/2024,"Policies and governance in europe"
/cattedreonline/corso/M043/A/LM20IRBASE/2024,"International relations"
/cattedreonline/corso/M043/B/LM20IRBASE/2024,"International relations"
/cattedreonline/corso/SKA/A/LM20IRBASE/2024,"International relations"
/cattedreonline/corso/SKA/B/LM20IRBASE/2024,"International relations"
/cattedreonline/corso/M042/A/LM20IRBASE/2024,"International relations"
/cattedreonline/corso/M042/B/LM20IRBASE/2024,"International relations"
/cattedreonline/corso/M369/0/LMPAGEBASE/2024,"Policies and governance in europe"
/cattedreonline/corso/JP01/0/LMDSMBASE/2024,"Data science and management"
/cattedreonline/corso/SMDEF0008/0/L21BBBASE/2024,"Economics and business"
/cattedreonline/corso/SMDEF0008/0/1EEL2BASE/2024,"Economia e management"
/cattedreonline/corso/BA08/0/L21BABASE/2024,"Business administration"
/cattedreonline/corso/ET38/0/L21BABASE/2024,"Business administration"
/cattedreonline/corso/ET38/0/L21BBBASE/2024,"Economics and business"
/cattedreonline/corso/M326/0/19FLM1B/2024,"Economia e finanza"
/cattedreonline/corso/M326/0/LM19WBASE/2024,"Corporate finance"
/cattedreonline/corso/SAQ/0/L22PSBASE/2024,"Scienze politiche"
/cattedreonline/corso/SAQ/0/1EEL2BASE/2024,"Economia e management"
/cattedreonline/corso/EM45/0/LMGAPPC/2024,"Governo, amministrazione e politica"
/cattedreonline/corso/MRK18/A/LM19KBASE/2024,"Marketing"
/cattedreonline/corso/MRK18/B/LM19KBASE/2024,"Marketing"
/cattedreonline/corso/M438/0/LMGAPPC/2024,"Governo, amministrazione e politica"
/cattedreonline/corso/T058/0/L22PSBASE/2024,"Scienze politiche"
/cattedreonline/corso/T058/0/L22PPEBASE/2024,"Politics: philosophy and economics"
/cattedreonline/corso/EM49/0/LM20IRBASE/2024,"International relations"
/cattedreonline/corso/MRK05/0/LM19KBASE/2024,"Marketing"
/cattedreonline/corso/M437/0/LMGAPGA/2024,"Governo, amministrazione e politica"
/cattedreonline/corso/A61/A/3GSLMDN/2024,"Giurisprudenza"
/cattedreonline/corso/A61/A/1EEL2BASE/2024,"Economia e management"
/cattedreonline/corso/A61/B/3GSLMDN/2024,"Giurisprudenza"
/cattedreonline/corso/A61/B/1EEL2BASE/2024,"Economia e management"
/cattedreonline/corso/A61/C/3GSLMDN/2024,"Giurisprudenza"
/cattedreonline/corso/A61/C/1EEL2BASE/2024,"Economia e management"
/cattedreonline/corso/A61/D/3GSLMDN/2024,"Giurisprudenza"
/cattedreonline/corso/A61/D/1EEL2BASE/2024,"Economia e management"
/cattedreonline/corso/A61/E/3GSLMDN/2024,"Giurisprudenza"
/cattedreonline/corso/A61/E/1EEL2BASE/2024,"Economia e management"
/cattedreonline/corso/A61/F/3GSLMDN/2024,"Giurisprudenza"
/cattedreonline/corso/A61/F/1EEL2BASE/2024,"Economia e management"
/cattedreonline/corso/AN2/A/L22PPEBASE/2024,"Politics: philosophy and economics"
/cattedreonline/corso/AN2/B/L22PPEBASE/2024,"Politics: philosophy and economics"
/cattedreonline/corso/EM14/0/LM19KBASE/2024,"Marketing"
/cattedreonline/corso/SMIS16/0/LMSMIBMIN/2024,"Strategic management, innovation and sustainability"
/cattedreonline/corso/SMIS14/0/LMSMIBMIT/2024,"Strategic management, innovation and sustainability"
/cattedreonline/corso/BA014/A/L21BABASE/2024,"Business administration"
/cattedreonline/corso/T045/A/L21BBBASE/2024,"Economics and business"
/cattedreonline/corso/BA014/B/L21BABASE/2024,"Business administration"
/cattedreonline/corso/T045/B/L21BBBASE/2024,"Economics and business"
/cattedreonline/corso/M252/A/LM19WBASE/2024,"Corporate finance"
/cattedreonline/corso/M252/B/LM19WBASE/2024,"Corporate finance"
/cattedreonline/corso/SMDEF00013/0/19FLMBASE/2024,"Economia e finanza"
/cattedreonline/corso/SMR/0/LM19ABASE/2024,"Amministrazione, finanza e controllo"
/cattedreonline/corso/MNG02/0/19MLMMS/2024,"Management"
/cattedreonline/corso/SMIS05/A/LMSMIBASE/2024,"Strategic management, innovation and sustainability"
/cattedreonline/corso/SMIS05/B/LMSMIBASE/2024,"Strategic management, innovation and sustainability"
/cattedreonline/corso/SMIS11/C/LMSMIBASE/2024,"Strategic management, innovation and sustainability"
/cattedreonline/corso/SMIS11/D/LMSMIBASE/2024,"Strategic management, innovation and sustainability"
/cattedreonline/corso/T104/0/L22PPEBASE/2024,"Politics: philosophy and economics"
/cattedreonline/corso/T104/0/L22PSBASE/2024,"Scienze politiche"
/cattedreonline/corso/T104/0/1EEL2BASE/2024,"Economia e management"
/cattedreonline/corso/EM08/0/LM19WBASE/2024,"Corporate finance"
/cattedreonline/corso/GMP05/0/LM19GMBASE/2024,"Global management and politics"
/cattedreonline/corso/M295/A/19MLMBASE/2024,"Management"
/cattedreonline/corso/M295/B/19MLMBASE/2024,"Management"
/cattedreonline/corso/EM82/0/LMPAGEEG/2024,"Policies and governance in europe"
/cattedreonline/corso/M014/0/19MLMMS/2024,"Management"
/cattedreonline/corso/TP02/0/3GSLMDZ/2024,"Giurisprudenza"
/cattedreonline/corso/EM24/0/LM19ABASE/2024,"Amministrazione, finanza e controllo"
/cattedreonline/corso/M467/0/LM20IRBASE/2024,"International relations"
/cattedreonline/corso/GMP06/0/LM19GMBASE/2024,"Global management and politics"
/cattedreonline/corso/ET35/0/L22PSBASE/2024,"Scienze politiche"
/cattedreonline/corso/EM51/0/LMPAGEBASE/2024,"Policies and governance in europe"
/cattedreonline/corso/M552/0/LMPAGEBASE/2024,"Policies and governance in europe"
/cattedreonline/corso/M318/0/3GSLMDP/2024,"Giurisprudenza"
/cattedreonline/corso/ACE08/0/L21BABASE/2024,"Business administration"
/cattedreonline/corso/BA016/0/L21BABASE/2024,"Business administration"
/cattedreonline/corso/GMP07/0/LM19GMBASE/2024,"Global management and politics"
/cattedreonline/corso/M219BI/0/LM19KBI/2024,"Marketing"
/cattedreonline/corso/DSM06/0/LMDSMBASE/2024,"Data science and management"
/cattedreonline/corso/GPLI04/0/3GSLMDL/2024,"Giurisprudenza"
/cattedreonline/corso/DSM11/0/LMDSMBASE/2024,"Data science and management"
/cattedreonline/corso/DSM04/0/LMDSMBASE/2024,"Data science and management"
/cattedreonline/corso/DSM05/0/LMDSMBASE/2024,"Data science and management"
/cattedreonline/corso/EM36/0/LMDSMBASE/2024,"Data science and management"
/cattedreonline/corso/EM72/0/19MLMBASE/2024,"Management"
/cattedreonline/corso/EM72/0/LMDSMBASE/2024,"Data science and management"
/cattedreonline/corso/EM72/0/LM19KBASE/2024,"Marketing"
/cattedreonline/corso/M364/0/LMGAPBASE/2024,"Governo, amministrazione e politica"
/cattedreonline/corso/M354/A/LM20IRBASE/2024,"International relations"
/cattedreonline/corso/M354/B/LM20IRBASE/2024,"International relations"
/cattedreonline/corso/M374/0/LMPAGEBASE/2024,"Policies and governance in europe"
/cattedreonline/corso/EFI10/0/LMEFIAE/2024,"Economia e finanza"
/cattedreonline/corso/EFI10/0/LM19WBASE/2024,"Corporate finance"
/cattedreonline/corso/LABEM01/0/1EEL2BASE/2024,"Economia e management"
/cattedreonline/corso/AIM01/0/LAIMBASE/2024,"Management and artificial intelligence"
/cattedreonline/corso/DSM03/0/LMDSMBASE/2024,"Data science and management"
/cattedreonline/corso/ET10/0/1EEL2BASE/2024,"Economia e management"
/cattedreonline/corso/EM17/0/LM19WBASE/2024,"Corporate finance"
/cattedreonline/corso/MRK06/0/LM19KBASE/2024,"Marketing"
/cattedreonline/corso/MRK16/A/LM19KBASE/2024,"Marketing"
/cattedreonline/corso/MRK16/B/LM19KBASE/2024,"Marketing"
/cattedreonline/corso/ET02/0/L21BABASE/2024,"Business administration"
/cattedreonline/corso/ET02/0/1EEL2BASE/2024,"Economia e management"
/cattedreonline/corso/ET43/0/L21BABASE/2024,"Business administration"
/cattedreonline/corso/M404/0/3GSLMDP/2024,"Giurisprudenza"
/cattedreonline/corso/M230/0/LM20IRBASE/2024,"International relations"
/cattedreonline/corso/M230/0/LM19GMBASE/2024,"Global management and politics"
/cattedreonline/corso/M546/0/L21BABASE/2024,"Business administration"
/cattedreonline/corso/M546/0/3GSLMBASE/2024,"Giurisprudenza"
/cattedreonline/corso/M090/0/LMGAPGA/2024,"Governo, amministrazione e politica"
/cattedreonline/corso/286/A/3GSLMBASE/2024,"Giurisprudenza"
/cattedreonline/corso/286/B/3GSLMBASE/2024,"Giurisprudenza"
/cattedreonline/corso/286/C/3GSLMBASE/2024,"Giurisprudenza"
/cattedreonline/corso/286/D/3GSLMBASE/2024,"Giurisprudenza"
/cattedreonline/corso/936/A/3GSLMBASE/2024,"Giurisprudenza"
/cattedreonline/corso/936/B/3GSLMBASE/2024,"Giurisprudenza"
/cattedreonline/corso/936/C/3GSLMBASE/2024,"Giurisprudenza"
/cattedreonline/corso/936/D/3GSLMBASE/2024,"Giurisprudenza"
/cattedreonline/corso/M024/0/3GSLMDC/2024,"Giurisprudenza"
/cattedreonline/corso/M338/0/3GSLMDC/2024,"Giurisprudenza"
/cattedreonline/corso/M402/0/3GSLMDV/2024,"Giurisprudenza"
/cattedreonline/corso/005/A/1EEL2BASE/2024,"Economia e management"
/cattedreonline/corso/005/B/1EEL2BASE/2024,"Economia e management"
/cattedreonline/corso/005/C/1EEL2BASE/2024,"Economia e management"
/cattedreonline/corso/005/D/1EEL2BASE/2024,"Economia e management"
/cattedreonline/corso/005/E/1EEL2BASE/2024,"Economia e management"
/cattedreonline/corso/005/F/1EEL2BASE/2024,"Economia e management"
/cattedreonline/corso/691/A/3GSLMBASE/2024,"Giurisprudenza"
/cattedreonline/corso/691/B/3GSLMBASE/2024,"Giurisprudenza"
/cattedreonline/corso/691/C/3GSLMBASE/2024,"Giurisprudenza"
/cattedreonline/corso/691/D/3GSLMBASE/2024,"Giurisprudenza"
/cattedreonline/corso/927/A/3GSLMBASE/2024,"Giurisprudenza"
/cattedreonline/corso/927/B/3GSLMBASE/2024,"Giurisprudenza"
/cattedreonline/corso/927/C/3GSLMBASE/2024,"Giurisprudenza"
/cattedreonline/corso/927/D/3GSLMBASE/2024,"Giurisprudenza"
/cattedreonline/corso/M031/0/3GSLMDN/2024,"Giurisprudenza"
/cattedreonline/corso/246/A/3GSLMBASE/2024,"Giurisprudenza"
/cattedreonline/corso/246/B/3GSLMBASE/2024,"Giurisprudenza"
/cattedreonline/corso/246/C/3GSLMBASE/2024,"Giurisprudenza"
/cattedreonline/corso/246/D/3GSLMBASE/2024,"Giurisprudenza"
/cattedreonline/corso/924/A/3GSLMBASE/2024,"Giurisprudenza"
/cattedreonline/corso/924/B/3GSLMBASE/2024,"Giurisprudenza"
/cattedreonline/corso/924/C/3GSLMBASE/2024,"Giurisprudenza"
/cattedreonline/corso/924/D/3GSLMBASE/2024,"Giurisprudenza"
/cattedreonline/corso/924/E/3GSLMBASE/2024,"Giurisprudenza"
/cattedreonline/corso/S73/0/3GSLMDC/2024,"Giurisprudenza"
/cattedreonline/corso/M255/0/19FLM1B/2024,"Economia e finanza"
/cattedreonline/corso/AD6/0/3GSLMDS/2024,"Giurisprudenza"
/cattedreonline/corso/M026/0/3GSLMDS/2024,"Giurisprudenza"
/cattedreonline/corso/692/A/3GSLMBASE/2024,"Giurisprudenza"
/cattedreonline/corso/692/B/3GSLMBASE/2024,"Giurisprudenza"
/cattedreonline/corso/692/C/3GSLMBASE/2024,"Giurisprudenza"
/cattedreonline/corso/692/D/3GSLMBASE/2024,"Giurisprudenza"
/cattedreonline/corso/M340/0/3GSLMDA/2024,"Giurisprudenza"
/cattedreonline/corso/M405/0/3GSLMDA/2024,"Giurisprudenza"
/cattedreonline/corso/745/A/L22PSBASE/2024,"Scienze politiche"
/cattedreonline/corso/745/B/L22PSBASE/2024,"Scienze politiche"
/cattedreonline/corso/947/0/3GSLMDC/2024,"Giurisprudenza"
/cattedreonline/corso/M095/0/LMGAPPC/2024,"Governo, amministrazione e politica"
/cattedreonline/corso/AN9/A/L22PSBASE/2024,"Scienze politiche"
/cattedreonline/corso/696/A/3GSLMBASE/2024,"Giurisprudenza"
/cattedreonline/corso/AN9/B/L22PSBASE/2024,"Scienze politiche"
/cattedreonline/corso/696/B/3GSLMBASE/2024,"Giurisprudenza"
/cattedreonline/corso/696/C/3GSLMBASE/2024,"Giurisprudenza"
/cattedreonline/corso/696/D/3GSLMBASE/2024,"Giurisprudenza"
/cattedreonline/corso/696/E/3GSLMBASE/2024,"Giurisprudenza"
/cattedreonline/corso/SU2/0/3GSLMDN/2024,"Giurisprudenza"
/cattedreonline/corso/M342/0/3GSLMDV/2024,"Giurisprudenza"
/cattedreonline/corso/827/0/3GSLMDV/2024,"Giurisprudenza"
/cattedreonline/corso/M401/0/3GSLMDA/2024,"Giurisprudenza"
/cattedreonline/corso/M401/0/LMGAPBASE/2024,"Governo, amministrazione e politica"
/cattedreonline/corso/M347/0/3GSLMDS/2024,"Giurisprudenza"
/cattedreonline/corso/A21/0/LM19AAE/2024,"Amministrazione, finanza e controllo"
/cattedreonline/corso/881/0/3GSLMDS/2024,"Giurisprudenza"
/cattedreonline/corso/627/0/L22PSBASE/2024,"Scienze politiche"
/cattedreonline/corso/627/0/3GSLMDA/2024,"Giurisprudenza"
/cattedreonline/corso/627/0/1EEL2BASE/2024,"Economia e management"
/cattedreonline/corso/627/0/L21BBBASE/2024,"Economics and business"
/cattedreonline/corso/627/0/L22PPEBASE/2024,"Politics: philosophy and economics"
/cattedreonline/corso/490/0/3GSLMDC/2024,"Giurisprudenza"
/cattedreonline/corso/T024/0/1EEL2BASE/2024,"Economia e management"
/cattedreonline/corso/T024/0/L22PSBASE/2024,"Scienze politiche"
/cattedreonline/corso/LABVGP5/A/3GSLMBASE/2024,"Giurisprudenza"
/cattedreonline/corso/LABVGP5/B/3GSLMBASE/2024,"Giurisprudenza"
/cattedreonline/corso/LABVGP5/C/3GSLMBASE/2024,"Giurisprudenza"
/cattedreonline/corso/LABVGP5/D/3GSLMBASE/2024,"Giurisprudenza"
/cattedreonline/corso/M319/0/3GSLMDV/2024,"Giurisprudenza"
/cattedreonline/corso/889/0/3GSLMDP/2024,"Giurisprudenza"
/cattedreonline/corso/A39/0/3GSLMDA/2024,"Giurisprudenza"
/cattedreonline/corso/A39/0/LMGAPGA/2024,"Governo, amministrazione e politica"
/cattedreonline/corso/AJ1/0/3GSLMDA/2024,"Giurisprudenza"
/cattedreonline/corso/M403/0/3GSLMDS/2024,"Giurisprudenza"
/cattedreonline/corso/ET29/0/3GSLMDL/2024,"Giurisprudenza"
/cattedreonline/corso/M550/0/3GSLMBASE/2024,"Giurisprudenza"
/cattedreonline/corso/694/A/3GSLMBASE/2024,"Giurisprudenza"
/cattedreonline/corso/013/A/L22PSBASE/2024,"Scienze politiche"
/cattedreonline/corso/694/B/3GSLMBASE/2024,"Giurisprudenza"
/cattedreonline/corso/013/B/L22PSBASE/2024,"Scienze politiche"
/cattedreonline/corso/694/C/3GSLMBASE/2024,"Giurisprudenza"
/cattedreonline/corso/694/D/3GSLMBASE/2024,"Giurisprudenza"
/cattedreonline/corso/694/E/3GSLMBASE/2024,"Giurisprudenza"
/cattedreonline/corso/894/0/3GSLMDZ/2024,"Giurisprudenza"
/cattedreonline/corso/693/A/3GSLMBASE/2024,"Giurisprudenza"
/cattedreonline/corso/693/B/3GSLMBASE/2024,"Giurisprudenza"
/cattedreonline/corso/693/C/3GSLMBASE/2024,"Giurisprudenza"
/cattedreonline/corso/693/D/3GSLMBASE/2024,"Giurisprudenza"
/cattedreonline/corso/933/A/3GSLMBASE/2024,"Giurisprudenza"
/cattedreonline/corso/933/B/3GSLMBASE/2024,"Giurisprudenza"
/cattedreonline/corso/933/C/3GSLMBASE/2024,"Giurisprudenza"
/cattedreonline/corso/933/D/3GSLMBASE/2024,"Giurisprudenza"
/cattedreonline/corso/S89/0/3GSLMDP/2024,"Giurisprudenza"
/cattedreonline/corso/A24/0/3GSLMDP/2024,"Giurisprudenza"
/cattedreonline/corso/M339/0/3GSLMDP/2024,"Giurisprudenza"
/cattedreonline/corso/674/A/1EEL2BASE/2024,"Economia e management"
/cattedreonline/corso/674/B/1EEL2BASE/2024,"Economia e management"
/cattedreonline/corso/674/C/1EEL2BASE/2024,"Economia e management"
/cattedreonline/corso/674/D/1EEL2BASE/2024,"Economia e management"
/cattedreonline/corso/674/E/1EEL2BASE/2024,"Economia e management"
/cattedreonline/corso/674/F/1EEL2BASE/2024,"Economia e management"
/cattedreonline/corso/253/A/3GSLMBASE/2024,"Giurisprudenza"
/cattedreonline/corso/253/B/3GSLMBASE/2024,"Giurisprudenza"
/cattedreonline/corso/253/C/3GSLMBASE/2024,"Giurisprudenza"
/cattedreonline/corso/253/D/3GSLMBASE/2024,"Giurisprudenza"
/cattedreonline/corso/804/A/3GSLMBASE/2024,"Giurisprudenza"
/cattedreonline/corso/804/B/3GSLMBASE/2024,"Giurisprudenza"
/cattedreonline/corso/804/C/3GSLMBASE/2024,"Giurisprudenza"
/cattedreonline/corso/804/D/3GSLMBASE/2024,"Giurisprudenza"
/cattedreonline/corso/340/A/3GSLMBASE/2024,"Giurisprudenza"
/cattedreonline/corso/340/B/3GSLMBASE/2024,"Giurisprudenza"
/cattedreonline/corso/340/C/3GSLMBASE/2024,"Giurisprudenza"
/cattedreonline/corso/340/D/3GSLMBASE/2024,"Giurisprudenza"
/cattedreonline/corso/340/E/3GSLMBASE/2024,"Giurisprudenza"
/cattedreonline/corso/M341/0/3GSLMDA/2024,"Giurisprudenza"
/cattedreonline/corso/180/A/3GSLMBASE/2024,"Giurisprudenza"
/cattedreonline/corso/180/B/3GSLMBASE/2024,"Giurisprudenza"
/cattedreonline/corso/180/C/3GSLMBASE/2024,"Giurisprudenza"
/cattedreonline/corso/180/D/3GSLMBASE/2024,"Giurisprudenza"
/cattedreonline/corso/819/A/3GSLMBASE/2024,"Giurisprudenza"
/cattedreonline/corso/819/B/3GSLMBASE/2024,"Giurisprudenza"
/cattedreonline/corso/819/C/3GSLMBASE/2024,"Giurisprudenza"
/cattedreonline/corso/819/D/3GSLMBASE/2024,"Giurisprudenza"
/cattedreonline/corso/ET44/0/3GSLMDS/2024,"Giurisprudenza"
/cattedreonline/corso/SGA/0/LM19ABASE/2024,"Amministrazione, finanza e controllo"
/cattedreonline/corso/A57/A/1EEL2BASE/2024,"Economia e management"
/cattedreonline/corso/A57/B/1EEL2BASE/2024,"Economia e management"
/cattedreonline/corso/A57/C/1EEL2BASE/2024,"Economia e management"
/cattedreonline/corso/A57/D/1EEL2BASE/2024,"Economia e management"
/cattedreonline/corso/A57/E/1EEL2BASE/2024,"Economia e management"
/cattedreonline/corso/A57/F/1EEL2BASE/2024,"Economia e management"
/cattedreonline/corso/M517/0/3GSLMDL/2024,"Giurisprudenza"
/cattedreonline/corso/SIL/0/3GSLMDA/2024,"Giurisprudenza"
/cattedreonline/corso/A54/0/3GSLMDV/2024,"Giurisprudenza"
/cattedreonline/corso/M267/0/LM19ABASE/2024,"Amministrazione, finanza e controllo"
/cattedreonline/corso/766/A/3GSLMBASE/2024,"Giurisprudenza"
/cattedreonline/corso/766/B/3GSLMBASE/2024,"Giurisprudenza"
/cattedreonline/corso/766/C/3GSLMBASE/2024,"Giurisprudenza"
/cattedreonline/corso/766/D/3GSLMBASE/2024,"Giurisprudenza"
/cattedreonline/corso/M205/0/LM19ABASE/2024,"Amministrazione, finanza e controllo"
/cattedreonline/corso/M344/0/3GSLMDS/2024,"Giurisprudenza"
/cattedreonline/corso/LABA03/A/L21BABASE/2024,"Business administration"
/cattedreonline/corso/LABA03/B/L21BABASE/2024,"Business administration"
/cattedreonline/corso/DOCLINGUE/0/BASETEST3/2024,"Precorsi e didattica integrativa giurisprudenza"
/cattedreonline/corso/DOCLINGUE2/0/BASETEST4/2024,"Precorsi e didattica integrativa impresa e management"
/cattedreonline/corso/ACE06/0/L21BABASE/2024,"Business administration"
/cattedreonline/corso/M329/0/LMEFIRM/2024,"Economia e finanza"
/cattedreonline/corso/M242/0/19FLM1B/2024,"Economia e finanza"
/cattedreonline/corso/SJH/0/19FLMF1/2024,"Economia e finanza"
/cattedreonline/corso/RM263/0/LMEFIRM/2024,"Economia e finanza"
/cattedreonline/corso/775/0/3GSLMDN/2024,"Giurisprudenza"
/cattedreonline/corso/507/A/1EEL2BASE/2024,"Economia e management"
/cattedreonline/corso/507/B/1EEL2BASE/2024,"Economia e management"
/cattedreonline/corso/507/C/1EEL2BASE/2024,"Economia e management"
/cattedreonline/corso/507/D/1EEL2BASE/2024,"Economia e management"
/cattedreonline/corso/507/E/1EEL2BASE/2024,"Economia e management"
/cattedreonline/corso/507/F/1EEL2BASE/2024,"Economia e management"
/cattedreonline/corso/ET41/0/1EEL2BASE/2024,"Economia e management"
/cattedreonline/corso/EM52/0/LM19KBASE/2024,"Marketing"
/cattedreonline/corso/AK7/A/1EEL2BASE/2024,"Economia e management"
/cattedreonline/corso/AK7/B/1EEL2BASE/2024,"Economia e management"
/cattedreonline/corso/AK7/C/1EEL2BASE/2024,"Economia e management"
/cattedreonline/corso/AK7/D/1EEL2BASE/2024,"Economia e management"
/cattedreonline/corso/AK7/E/1EEL2BASE/2024,"Economia e management"
/cattedreonline/corso/EFI04/0/19FLM1B/2024,"Economia e finanza"
/cattedreonline/corso/SL5/0/19FLM1B/2024,"Economia e finanza"
/cattedreonline/corso/SMIS01/A/LMSMIBASE/2024,"Strategic management, innovation and sustainability"
/cattedreonline/corso/SMIS01/B/LMSMIBASE/2024,"Strategic management, innovation and sustainability"
/cattedreonline/corso/SMDIM00018/0/1EEL2BASE/2024,"Economia e management"
/cattedreonline/corso/SMDIM00018/0/L21BBBASE/2024,"Economics and business"
/cattedreonline/corso/SLS/0/19FLM1B/2024,"Economia e finanza"
/cattedreonline/corso/509/A/1EEL2BASE/2024,"Economia e management"
/cattedreonline/corso/509/B/1EEL2BASE/2024,"Economia e management"
/cattedreonline/corso/509/C/1EEL2BASE/2024,"Economia e management"
/cattedreonline/corso/509/D/1EEL2BASE/2024,"Economia e management"
/cattedreonline/corso/509/E/1EEL2BASE/2024,"Economia e management"
/cattedreonline/corso/509/F/1EEL2BASE/2024,"Economia e management"
/cattedreonline/corso/027/A/1EEL2BASE/2024,"Economia e management"
/cattedreonline/corso/027/B/1EEL2BASE/2024,"Economia e management"
/cattedreonline/corso/027/C/1EEL2BASE/2024,"Economia e management"
/cattedreonline/corso/027/D/1EEL2BASE/2024,"Economia e management"
/cattedreonline/corso/027/E/1EEL2BASE/2024,"Economia e management"
/cattedreonline/corso/027/F/1EEL2BASE/2024,"Economia e management"
/cattedreonline/corso/A96/0/1EEL2BASE/2024,"Economia e management"
/cattedreonline/corso/247/A/3GSLMBASE/2024,"Giurisprudenza"
/cattedreonline/corso/247/B/3GSLMBASE/2024,"Giurisprudenza"
/cattedreonline/corso/247/C/3GSLMBASE/2024,"Giurisprudenza"
/cattedreonline/corso/247/D/3GSLMBASE/2024,"Giurisprudenza"
/cattedreonline/corso/247/E/3GSLMBASE/2024,"Giurisprudenza"
/cattedreonline/corso/SCY/0/LMGAPBASE/2024,"Governo, amministrazione e politica"
/cattedreonline/corso/ET15/0/L21BABASE/2024,"Business administration"
/cattedreonline/corso/ET15/0/1EEL2BASE/2024,"Economia e management"
/cattedreonline/corso/AH5/0/L21BBFI/2024,"Economics and business"
/cattedreonline/corso/AH5/0/1EEL2BASE/2024,"Economia e management"
/cattedreonline/corso/T092/0/L21BBBASE/2024,"Economics and business"
/cattedreonline/corso/GL01/0/L24GLOBASE/2024,"Global law"
/cattedreonline/corso/SMIS07/C/LMSMIBASE/2024,"Strategic management, innovation and sustainability"
/cattedreonline/corso/SMIS07/D/LMSMIBASE/2024,"Strategic management, innovation and sustainability"
/cattedreonline/corso/M549/0/3GSLMBASE/2024,"Giurisprudenza"
/cattedreonline/corso/T093V/A/L22PSBASE/2024,"Scienze politiche"
/cattedreonline/corso/T093V/B/L22PSBASE/2024,"Scienze politiche"
/cattedreonline/corso/T094/A/L22PPEBASE/2024,"Politics: philosophy and economics"
/cattedreonline/corso/T094/B/L22PPEBASE/2024,"Politics: philosophy and economics"
/cattedreonline/corso/EM38/0/19MLMBASE/2024,"Management"
/cattedreonline/corso/EM38/0/LM19KBASE/2024,"Marketing"
/cattedreonline/corso/M206/0/LMEFIAE/2024,"Economia e finanza"
/cattedreonline/corso/M206/0/LM19WBASE/2024,"Corporate finance"
/cattedreonline/corso/M462/0/LM19GMBASE/2024,"Global management and politics"
/cattedreonline/corso/M462/0/LMGAPBASE/2024,"Governo, amministrazione e politica"
/cattedreonline/corso/M462/0/LM20IRBASE/2024,"International relations"
/cattedreonline/corso/T034/0/1EEL2BASE/2024,"Economia e management"
/cattedreonline/corso/M419/0/LMGAPBASE/2024,"Governo, amministrazione e politica"
/cattedreonline/corso/ET16/0/1EEL2BASE/2024,"Economia e management"
/cattedreonline/corso/SMIS02/A/LMSMIBASE/2024,"Strategic management, innovation and sustainability"
/cattedreonline/corso/SMIS02/B/LMSMIBASE/2024,"Strategic management, innovation and sustainability"
/cattedreonline/corso/SMIS08/C/LMSMIBASE/2024,"Strategic management, innovation and sustainability"
/cattedreonline/corso/SMIS08/D/LMSMIBASE/2024,"Strategic management, innovation and sustainability"
/cattedreonline/corso/M186/0/LM19WBASE/2024,"Corporate finance"
/cattedreonline/corso/M186/0/LM19KBASE/2024,"Marketing"
/cattedreonline/corso/M186/0/19MLMMS/2024,"Management"
/cattedreonline/corso/T001/0/L21BBMA/2024,"Economics and business"
/cattedreonline/corso/M428/0/3GSLMDZ/2024,"Giurisprudenza"
/cattedreonline/corso/SLX/0/LMEFIAE/2024,"Economia e finanza"
/cattedreonline/corso/SLX/0/LM19WBASE/2024,"Corporate finance"
/cattedreonline/corso/STCFADEF/0/L21BBBASE/2024,"Economics and business"
/cattedreonline/corso/SMDEFCFA/0/LM19WBASE/2024,"Corporate finance"
/cattedreonline/corso/SMDEFCFA/0/19FLMF1/2024,"Economia e finanza"
/cattedreonline/corso/DSM12/0/LMDSMBASE/2024,"Data science and management"
/cattedreonline/corso/AT5/0/3GSLMBASE/2024,"Giurisprudenza"
/cattedreonline/corso/M400/0/LMGAPBASE/2024,"Governo, amministrazione e politica"
/cattedreonline/corso/M393/0/3GSLMEL/2024,"Giurisprudenza"
/cattedreonline/corso/M345/0/LMPAGEBASE/2024,"Policies and governance in europe"
/cattedreonline/corso/BA010/A/L21BABASE/2024,"Business administration"
/cattedreonline/corso/BA010/B/L21BABASE/2024,"Business administration"
/cattedreonline/corso/M370/0/LMPAGEBASE/2024,"Policies and governance in europe"
/cattedreonline/corso/M471/0/3GSLMEL/2024,"Giurisprudenza"
/cattedreonline/corso/M362/0/LM20IRM/2024,"International relations"
/cattedreonline/corso/LABOIR2/0/LM20IRBASE/2024,"International relations"
/cattedreonline/corso/STDEF01/0/L21BBBASE/2024,"Economics and business"
/cattedreonline/corso/LABSMIS01/A/LMSMIBASE/2024,"Strategic management, innovation and sustainability"
/cattedreonline/corso/LABSMIS01/B/LMSMIBASE/2024,"Strategic management, innovation and sustainability"
/cattedreonline/corso/LABSMIS01/C/LMSMIBASE/2024,"Strategic management, innovation and sustainability"
/cattedreonline/corso/LABSMIS01/D/LMSMIBASE/2024,"Strategic management, innovation and sustainability"
/cattedreonline/corso/M394/0/3GSLMEL/2024,"Giurisprudenza"
/cattedreonline/corso/M029/0/3GSLMDA/2024,"Giurisprudenza"
/cattedreonline/corso/AD5/0/3GSLMDN/2024,"Giurisprudenza"
/cattedreonline/corso/M027/0/3GSLMEL/2024,"Giurisprudenza"
/cattedreonline/corso/EM77/0/LM20IRBASE/2024,"International relations"
/cattedreonline/corso/M545/0/LM20IRBASE/2024,"International relations"
/cattedreonline/corso/AD4/0/3GSLMDC/2024,"Giurisprudenza"
/cattedreonline/corso/T007/A/L22PPEBASE/2024,"Politics: philosophy and economics"
/cattedreonline/corso/T007/B/L22PPEBASE/2024,"Politics: philosophy and economics"
/cattedreonline/corso/EM78/0/LM20IRBASE/2024,"International relations"
/cattedreonline/corso/M051/0/19FLM1B/2024,"Economia e finanza"
/cattedreonline/corso/SDS/0/19MLMMF/2024,"Management"
/cattedreonline/corso/M416/0/L22PPEBASE/2024,"Politics: philosophy and economics"
/cattedreonline/corso/M416/0/3GSLMBASE/2024,"Giurisprudenza"
/cattedreonline/corso/M416/0/1EEL2BASE/2024,"Economia e management"
/cattedreonline/corso/M416/0/L22PSBASE/2024,"Scienze politiche"
/cattedreonline/corso/M416/0/L21BBBASE/2024,"Economics and business"
/cattedreonline/corso/033/A/L22PSBASE/2024,"Scienze politiche"
/cattedreonline/corso/033/B/L22PSBASE/2024,"Scienze politiche"
/cattedreonline/corso/EM58/0/LM19ABASE/2024,"Amministrazione, finanza e controllo"
/cattedreonline/corso/EFI02/0/19FLMF1/2024,"Economia e finanza"
/cattedreonline/corso/ET05/0/1EEL2BASE/2024,"Economia e management"
/cattedreonline/corso/BA019/0/L21BABASE/2024,"Business administration"
/cattedreonline/corso/T079/0/L21BBFI/2024,"Economics and business"
/cattedreonline/corso/T028/0/L21BBMA/2024,"Economics and business"
/cattedreonline/corso/EFI03/0/19FLMF1/2024,"Economia e finanza"
/cattedreonline/corso/GMP04/0/LM19GMBASE/2024,"Global management and politics"
/cattedreonline/corso/M291/A/19MLMBASE/2024,"Management"
/cattedreonline/corso/M291/B/19MLMBASE/2024,"Management"
/cattedreonline/corso/BA09/A/L21BABASE/2024,"Business administration"
/cattedreonline/corso/M245/A/LM19WBASE/2024,"Corporate finance"
/cattedreonline/corso/M245/B/LM19WBASE/2024,"Corporate finance"
/cattedreonline/corso/BA09/B/L21BABASE/2024,"Business administration"
/cattedreonline/corso/409/A/1EEL2BASE/2024,"Economia e management"
/cattedreonline/corso/409/B/1EEL2BASE/2024,"Economia e management"
/cattedreonline/corso/409/C/1EEL2BASE/2024,"Economia e management"
/cattedreonline/corso/409/D/1EEL2BASE/2024,"Economia e management"
/cattedreonline/corso/409/E/1EEL2BASE/2024,"Economia e management"
/cattedreonline/corso/M492/0/19FLM1B/2024,"Economia e finanza"
/cattedreonline/corso/SMIS13/0/LMSMIBMIT/2024,"Strategic management, innovation and sustainability"
/cattedreonline/corso/EFI13/0/19FLM1B/2024,"Economia e finanza"
/cattedreonline/corso/SMIS17/0/LMSMIECT/2024,"Strategic management, innovation and sustainability"
/cattedreonline/corso/EFI12/0/19FLM1B/2024,"Economia e finanza"
/cattedreonline/corso/EFI11/0/LM19WBASE/2024,"Corporate finance"
/cattedreonline/corso/EFI11/0/LMEFIAE/2024,"Economia e finanza"
/cattedreonline/corso/MRK13/A/LM19KBASE/2024,"Marketing"
/cattedreonline/corso/MRK13/B/LM19KBASE/2024,"Marketing"
/cattedreonline/corso/MRK11/A/LM19KBASE/2024,"Marketing"
/cattedreonline/corso/MRK11/B/LM19KBASE/2024,"Marketing"
/cattedreonline/corso/T219/A/3GSLMDA/2024,"Giurisprudenza"
/cattedreonline/corso/T219/B/3GSLMDA/2024,"Giurisprudenza"
/cattedreonline/corso/T215/A/3GSLMDC/2024,"Giurisprudenza"
/cattedreonline/corso/T215/B/3GSLMDC/2024,"Giurisprudenza"
/cattedreonline/corso/T216/A/3GSLMDN/2024,"Giurisprudenza"
/cattedreonline/corso/T216/B/3GSLMDN/2024,"Giurisprudenza"
/cattedreonline/corso/T227/0/3GSLMEL/2024,"Giurisprudenza"
/cattedreonline/corso/T222/A/3GSLMDL/2024,"Giurisprudenza"
/cattedreonline/corso/T222/B/3GSLMDL/2024,"Giurisprudenza"
/cattedreonline/corso/T220/A/3GSLMDZ/2024,"Giurisprudenza"
/cattedreonline/corso/T220/B/3GSLMDZ/2024,"Giurisprudenza"
/cattedreonline/corso/T221/A/3GSLMDV/2024,"Giurisprudenza"
/cattedreonline/corso/T221/B/3GSLMDV/2024,"Giurisprudenza"
/cattedreonline/corso/T221/C/3GSLMDV/2024,"Giurisprudenza"
/cattedreonline/corso/T218/A/3GSLMDP/2024,"Giurisprudenza"
/cattedreonline/corso/T218/B/3GSLMDP/2024,"Giurisprudenza"
/cattedreonline/corso/T218/C/3GSLMDP/2024,"Giurisprudenza"
/cattedreonline/corso/T217/A/3GSLMDS/2024,"Giurisprudenza"
/cattedreonline/corso/T217/B/3GSLMDS/2024,"Giurisprudenza"
/cattedreonline/corso/038/0/L22PPEBASE/2024,"Politics: philosophy and economics"
/cattedreonline/corso/038/0/L22PSBASE/2024,"Scienze politiche"
/cattedreonline/corso/SV6/0/LM20IRBASE/2024,"International relations"
/cattedreonline/corso/BA05/A/L21BABASE/2024,"Business administration"
/cattedreonline/corso/BA05/B/L21BABASE/2024,"Business administration"
/cattedreonline/corso/T052/0/L21BBBASE/2024,"Economics and business"
/cattedreonline/corso/EFI01/0/LMEFIAE/2024,"Economia e finanza"
/cattedreonline/corso/T030/A/L21BBBASE/2024,"Economics and business"
/cattedreonline/corso/T030/B/L21BBBASE/2024,"Economics and business"
/cattedreonline/corso/M177/0/L22PSBASE/2024,"Scienze politiche"
/cattedreonline/corso/M177/0/L22PPEBASE/2024,"Politics: philosophy and economics"
/cattedreonline/corso/M314/0/LM20IRBASE/2024,"International relations"
/cattedreonline/corso/M234/0/LM19KBASE/2024,"Marketing"
/cattedreonline/corso/M399/0/3GSLMDL/2024,"Giurisprudenza"
/cattedreonline/corso/ACE05/0/L21BABASE/2024,"Business administration"
/cattedreonline/corso/M190/0/3GSLMBASE/2024,"Giurisprudenza"
/cattedreonline/corso/M190/0/L22PSBASE/2024,"Scienze politiche"
/cattedreonline/corso/M190/0/1EEL2BASE/2024,"Economia e management"
/cattedreonline/corso/M190/0/L21BBBASE/2024,"Economics and business"
/cattedreonline/corso/M190/0/L22PPEBASE/2024,"Politics: philosophy and economics"
/cattedreonline/corso/M190/0/L21BABASE/2024,"Business administration"
/cattedreonline/corso/GMP11/0/LM19GMBASE/2024,"Global management and politics"
/cattedreonline/corso/GMP03/0/LM19GMBASE/2024,"Global management and politics"
/cattedreonline/corso/GMP09/0/LM19GMBASE/2024,"Global management and politics"
/cattedreonline/corso/M457/0/LMPAGEBASE/2024,"Policies and governance in europe"
/cattedreonline/corso/M457/0/19MLMBASE/2024,"Management"
/cattedreonline/corso/GLGC01/0/L24GLOBASE/2024,"Global law"
/cattedreonline/corso/PPEGC01/A/L22PPEBASE/2024,"Politics: philosophy and economics"
/cattedreonline/corso/PPEGC01/B/L22PPEBASE/2024,"Politics: philosophy and economics"
/cattedreonline/corso/SMIS19/0/LMSMICES/2024,"Strategic management, innovation and sustainability"
/cattedreonline/corso/M459/0/LMGAPBASE/2024,"Governo, amministrazione e politica"
/cattedreonline/corso/M459/0/LMPAGEEG/2024,"Policies and governance in europe"
/cattedreonline/corso/M459/0/19MLMBASE/2024,"Management"
/cattedreonline/corso/M461/0/LM20IRBASE/2024,"International relations"
/cattedreonline/corso/M461/0/LMPAGECHPM/2024,"Policies and governance in europe"
/cattedreonline/corso/PG02/0/LMPAGEBASE/2024,"Policies and governance in europe"
/cattedreonline/corso/M361/0/LM20IRM/2024,"International relations"
/cattedreonline/corso/ET39/0/3GSLMBASE/2024,"Giurisprudenza"
/cattedreonline/corso/ET39/0/L22PSBASE/2024,"Scienze politiche"
/cattedreonline/corso/ET39/0/L21BABASE/2024,"Business administration"
/cattedreonline/corso/ET39/0/L22PPEBASE/2024,"Politics: philosophy and economics"
/cattedreonline/corso/ET39/0/L21BBBASE/2024,"Economics and business"
/cattedreonline/corso/ET39/0/1EEL2BASE/2024,"Economia e management"
/cattedreonline/corso/M456/0/LM20IRBASE/2024,"International relations"
/cattedreonline/corso/AQ7/0/L21BBBASE/2024,"Economics and business"
/cattedreonline/corso/SLH/0/LM20IRD/2024,"International relations"
/cattedreonline/corso/M444/0/LM20IRBASE/2024,"International relations"
/cattedreonline/corso/GL02/0/L24GLOBASE/2024,"Global law"
/cattedreonline/corso/T011/0/L22PPEBASE/2024,"Politics: philosophy and economics"
/cattedreonline/corso/ET08/0/1EEL2BASE/2024,"Economia e management"
/cattedreonline/corso/EH09/0/L22PSBASE/2024,"Scienze politiche"
/cattedreonline/corso/EH07/0/L22PSBASE/2024,"Scienze politiche"
/cattedreonline/corso/BA011/A/L21BABASE/2024,"Business administration"
/cattedreonline/corso/BA011/B/L21BABASE/2024,"Business administration"
/cattedreonline/corso/M375/0/LMPAGEEG/2024,"Policies and governance in europe"
/cattedreonline/corso/254/A/1EEL2BASE/2024,"Economia e management"
/cattedreonline/corso/254/B/1EEL2BASE/2024,"Economia e management"
/cattedreonline/corso/254/C/1EEL2BASE/2024,"Economia e management"
/cattedreonline/corso/254/D/1EEL2BASE/2024,"Economia e management"
/cattedreonline/corso/254/E/1EEL2BASE/2024,"Economia e management"
/cattedreonline/corso/254/F/1EEL2BASE/2024,"Economia e management"
/cattedreonline/corso/T046/A/L21BBBASE/2024,"Economics and business"
/cattedreonline/corso/T046/B/L21BBBASE/2024,"Economics and business"
/cattedreonline/corso/179/0/L22PSBASE/2024,"Scienze politiche"
/cattedreonline/corso/SMIS15/0/LMSMIBMIN/2024,"Strategic management, innovation and sustainability"
/cattedreonline/corso/GPLI01/0/3GSLMDL/2024,"Giurisprudenza"
/cattedreonline/corso/BI013/0/LM19KMK/2024,"Marketing"
/cattedreonline/corso/MRK08/0/LM19KBASE/2024,"Marketing"
/cattedreonline/corso/GPLI02/0/3GSLMDL/2024,"Giurisprudenza"
/cattedreonline/corso/BA018/0/L21BABASE/2024,"Business administration"
/cattedreonline/corso/M012/0/19MLMMS/2024,"Management"
/cattedreonline/corso/M012/0/LM19GMBASE/2024,"Global management and politics"
/cattedreonline/corso/LABVGP3/A/3GSLMBASE/2024,"Giurisprudenza"
/cattedreonline/corso/LABVGP3/B/3GSLMBASE/2024,"Giurisprudenza"
/cattedreonline/corso/LABVGP3/C/3GSLMBASE/2024,"Giurisprudenza"
/cattedreonline/corso/LABVGP3/D/3GSLMBASE/2024,"Giurisprudenza"
/cattedreonline/corso/ET22/0/1EEL2BASE/2024,"Economia e management"
/cattedreonline/corso/LABVGP4/A/3GSLMBASE/2024,"Giurisprudenza"
/cattedreonline/corso/LABVGP4/B/3GSLMBASE/2024,"Giurisprudenza"
/cattedreonline/corso/LABVGP4/C/3GSLMBASE/2024,"Giurisprudenza"
/cattedreonline/corso/LABVGP4/D/3GSLMBASE/2024,"Giurisprudenza"
/cattedreonline/corso/LABGMPENG/0/LM19GMBASE/2024,"Global management and politics"
/cattedreonline/corso/EM32/0/LM19WBASE/2024,"Corporate finance"
/cattedreonline/corso/EM32/0/19MLMBASE/2024,"Management"
/cattedreonline/corso/ACE07/0/L21BABASE/2024,"Business administration"
/cattedreonline/corso/M500/0/3GSLMDS/2024,"Giurisprudenza"
/cattedreonline/corso/M352/0/3GSLMDZ/2024,"Giurisprudenza"
/cattedreonline/corso/SS1/0/19MLMMS/2024,"Management"
/cattedreonline/corso/GPDI02/0/3GSLMDZ/2024,"Giurisprudenza"
/cattedreonline/corso/ET33/0/L22PPEBASE/2024,"Politics: philosophy and economics"
/cattedreonline/corso/AA7/0/L21BBEC/2024,"Economics and business"
/cattedreonline/corso/AA7/0/L21BABASE/2024,"Business administration"
/cattedreonline/corso/T080/0/L21BBMA/2024,"Economics and business"
/cattedreonline/corso/AA7/0/1EEL2BASE/2024,"Economia e management"
/cattedreonline/corso/SHX/A/LM20IRBASE/2024,"International relations"
/cattedreonline/corso/M290/A/19MLMBASE/2024,"Management"
/cattedreonline/corso/SHX/B/LM20IRBASE/2024,"International relations"
/cattedreonline/corso/M290/B/19MLMBASE/2024,"Management"
/cattedreonline/corso/SI0/0/19FLM1B/2024,"Economia e finanza"
/cattedreonline/corso/SI0/0/LM19WBASE/2024,"Corporate finance"
/cattedreonline/corso/M247/A/LM19WBASE/2024,"Corporate finance"
/cattedreonline/corso/M247/B/LM19WBASE/2024,"Corporate finance"
/cattedreonline/corso/M132/0/19MLMMM/2024,"Management"
/cattedreonline/corso/GMP10/0/LM19GMBASE/2024,"Global management and politics"
/cattedreonline/corso/GL08/0/L24GLOBASE/2024,"Global law"
/cattedreonline/corso/T009/A/L22PPEBASE/2024,"Politics: philosophy and economics"
/cattedreonline/corso/T009/B/L22PPEBASE/2024,"Politics: philosophy and economics"
/cattedreonline/corso/DSM10/0/LMDSMBASE/2024,"Data science and management"
/cattedreonline/corso/M284/0/LM19KBASE/2024,"Marketing"
/cattedreonline/corso/M284/0/19MLMMS/2024,"Management"
/cattedreonline/corso/M070/A/LM20IRBASE/2024,"International relations"
/cattedreonline/corso/M070/B/LM20IRBASE/2024,"International relations"
/cattedreonline/corso/ET27/0/3GSLMDZ/2024,"Giurisprudenza"
/cattedreonline/corso/M355/0/LM20IRD/2024,"International relations"
/cattedreonline/corso/ACE03/0/L21BABASE/2024,"Business administration"
/cattedreonline/corso/MNG01/0/LM19WBASE/2024,"Corporate finance"
/cattedreonline/corso/MNG01/0/19MLMMS/2024,"Management"
/cattedreonline/corso/T008/A/L22PPEBASE/2024,"Politics: philosophy and economics"
/cattedreonline/corso/T008/B/L22PPEBASE/2024,"Politics: philosophy and economics"
/cattedreonline/corso/SJO/0/19MLMBASE/2024,"Management"
/cattedreonline/corso/SJO/0/19FLM1B/2024,"Economia e finanza"
/cattedreonline/corso/SJO/0/LM19WBASE/2024,"Corporate finance"
/cattedreonline/corso/GMP08/0/LM19GMBASE/2024,"Global management and politics"
/cattedreonline/corso/DSM02/0/LMDSMBASE/2024,"Data science and management"
/cattedreonline/corso/GL07/0/L24GLOBASE/2024,"Global law"
/cattedreonline/corso/857/A/L21BBBASE/2024,"Economics and business"
/cattedreonline/corso/857/B/L21BBBASE/2024,"Economics and business"
/cattedreonline/corso/BA04/A/L21BABASE/2024,"Business administration"
/cattedreonline/corso/BA04/B/L21BABASE/2024,"Business administration"
/cattedreonline/corso/TDS03/0/LAIMBASE/2024,"Management and artificial intelligence"
/cattedreonline/corso/ACE10/0/L21BABASE/2024,"Business administration"
/cattedreonline/corso/ACE04/0/L21BABASE/2024,"Business administration"
/cattedreonline/corso/T032/0/L21BBEC/2024,"Economics and business"
/cattedreonline/corso/037/A/L22PSBASE/2024,"Scienze politiche"
/cattedreonline/corso/197/A/3GSLMBASE/2024,"Giurisprudenza"
/cattedreonline/corso/197/B/3GSLMBASE/2024,"Giurisprudenza"
/cattedreonline/corso/197/C/3GSLMBASE/2024,"Giurisprudenza"
/cattedreonline/corso/197/D/3GSLMBASE/2024,"Giurisprudenza"
/cattedreonline/corso/197/E/3GSLMBASE/2024,"Giurisprudenza"
/cattedreonline/corso/MRK01/0/LM19KBASE/2024,"Marketing"
/cattedreonline/corso/T057/A/L22PPEBASE/2024,"Politics: philosophy and economics"
/cattedreonline/corso/T057/B/L22PPEBASE/2024,"Politics: philosophy and economics"
/cattedreonline/corso/T054/A/L22PPEBASE/2024,"Politics: philosophy and economics"
/cattedreonline/corso/T054/B/L22PPEBASE/2024,"Politics: philosophy and economics"
/cattedreonline/corso/T056V/A/L22PSBASE/2024,"Scienze politiche"
/cattedreonline/corso/T056V/B/L22PSBASE/2024,"Scienze politiche"
/cattedreonline/corso/T053V/A/L22PSBASE/2024,"Scienze politiche"
/cattedreonline/corso/T053V/B/L22PSBASE/2024,"Scienze politiche"
/cattedreonline/corso/SMDIM00021/0/1EEL2BASE/2024,"Economia e management"
/cattedreonline/corso/SMDIM00021/0/L21BBBASE/2024,"Economics and business"
/cattedreonline/corso/LABVGP2/A/3GSLMBASE/2024,"Giurisprudenza"
/cattedreonline/corso/LABVGP2/B/3GSLMBASE/2024,"Giurisprudenza"
/cattedreonline/corso/LABVGP2/C/3GSLMBASE/2024,"Giurisprudenza"
/cattedreonline/corso/LABVGP2/D/3GSLMBASE/2024,"Giurisprudenza"
/cattedreonline/corso/961V/0/L22PSBASE/2024,"Scienze politiche"
/cattedreonline/corso/EM21/0/LM19KBASE/2024,"Marketing"
/cattedreonline/corso/EM21/0/19MLMBASE/2024,"Management"
/cattedreonline/corso/EH04/0/L22PPEBASE/2024,"Politics: philosophy and economics"
/cattedreonline/corso/SMIS06/A/LMSMIBASE/2024,"Strategic management, innovation and sustainability"
/cattedreonline/corso/SMIS06/B/LMSMIBASE/2024,"Strategic management, innovation and sustainability"
/cattedreonline/corso/SMIS12/C/LMSMIBASE/2024,"Strategic management, innovation and sustainability"
/cattedreonline/corso/SMIS12/D/LMSMIBASE/2024,"Strategic management, innovation and sustainability"
/cattedreonline/corso/T021/A/L21BBBASE/2024,"Economics and business"
/cattedreonline/corso/T021/B/L21BBBASE/2024,"Economics and business"
/cattedreonline/corso/ET42/0/1EEL2BASE/2024,"Economia e management"
/cattedreonline/corso/TP04/0/3GSLMDZ/2024,"Giurisprudenza"
/cattedreonline/corso/TDS07/0/LAIMBASE/2024,"Management and artificial intelligence"
/cattedreonline/corso/GL03/0/L24GLOBASE/2024,"Global law"
/cattedreonline/corso/LABGAP01/0/LMGAPBASE/2024,"Governo, amministrazione e politica"
/cattedreonline/corso/EH06/0/L22PPEBASE/2024,"Politics: philosophy and economics"
/cattedreonline/corso/S1B/0/LM20IRBASE/2024,"International relations"
/cattedreonline/corso/LABVGP1/A/3GSLMBASE/2024,"Giurisprudenza"
/cattedreonline/corso/LABVGP1/B/3GSLMBASE/2024,"Giurisprudenza"
/cattedreonline/corso/LABVGP1/C/3GSLMBASE/2024,"Giurisprudenza"
/cattedreonline/corso/LABVGP1/D/3GSLMBASE/2024,"Giurisprudenza"
/cattedreonline/corso/SAC/0/19MLMMF/2024,"Management"
/cattedreonline/corso/SAC/0/LM19GMBASE/2024,"Global management and politics"
/cattedreonline/corso/SMJ/0/19FLM1B/2024,"Economia e finanza"
/cattedreonline/corso/SMJ/0/LM19ABASE/2024,"Amministrazione, finanza e controllo"
/cattedreonline/corso/S0M/A/LM19WBASE/2024,"Corporate finance"
/cattedreonline/corso/S0M/B/LM19WBASE/2024,"Corporate finance"
/cattedreonline/corso/MID1/A/3GSLMBASE/2024,"Giurisprudenza"
/cattedreonline/corso/MID1/B/3GSLMBASE/2024,"Giurisprudenza"
/cattedreonline/corso/MID1/C/3GSLMBASE/2024,"Giurisprudenza"
/cattedreonline/corso/MID1/D/3GSLMBASE/2024,"Giurisprudenza"
/cattedreonline/corso/EFI07/0/19FLMF1/2024,"Economia e finanza"
/cattedreonline/corso/DSM07/0/LMDSMBASE/2024,"Data science and management"
/cattedreonline/corso/EFI07/0/LM19WBASE/2024,"Corporate finance"
/cattedreonline/corso/EM66/0/LM19KBASE/2024,"Marketing"
/cattedreonline/corso/EM66/0/19MLMBASE/2024,"Management"
/cattedreonline/corso/672/A/L22PSBASE/2024,"Scienze politiche"
/cattedreonline/corso/672/B/L22PSBASE/2024,"Scienze politiche"
/cattedreonline/corso/AK2/A/1EEL2BASE/2024,"Economia e management"
/cattedreonline/corso/AK2/B/1EEL2BASE/2024,"Economia e management"
/cattedreonline/corso/AK2/C/1EEL2BASE/2024,"Economia e management"
/cattedreonline/corso/AK2/D/1EEL2BASE/2024,"Economia e management"
/cattedreonline/corso/AK2/E/1EEL2BASE/2024,"Economia e management"
/cattedreonline/corso/AK2/F/1EEL2BASE/2024,"Economia e management"
/cattedreonline/corso/SEZ/0/LMEFIAE/2024,"Economia e finanza"
/cattedreonline/corso/RMSEZ/0/LMEFIRM/2024,"Economia e finanza"
/cattedreonline/corso/T004/A/L22PPEBASE/2024,"Politics: philosophy and economics"
/cattedreonline/corso/977/A/L21BBBASE/2024,"Economics and business"
/cattedreonline/corso/BA07/A/L21BABASE/2024,"Business administration"
/cattedreonline/corso/BA07/B/L21BABASE/2024,"Business administration"
/cattedreonline/corso/977/B/L21BBBASE/2024,"Economics and business"
/cattedreonline/corso/T004/B/L22PPEBASE/2024,"Politics: philosophy and economics"
/cattedreonline/corso/T012/0/L21BBMA/2024,"Economics and business"
/cattedreonline/corso/ET14/0/1EEL2BASE/2024,"Economia e management"
/cattedreonline/corso/SMIS18/0/LMSMIECT/2024,"Strategic management, innovation and sustainability"
/cattedreonline/corso/SQ0/0/19MLMMS/2024,"Management"
/cattedreonline/corso/SQ0/0/LMDSMBASE/2024,"Data science and management"
/cattedreonline/corso/SMIS20/0/LMSMICES/2024,"Strategic management, innovation and sustainability"
/cattedreonline/corso/ET07/0/1EEL2BASE/2024,"Economia e management"
/cattedreonline/corso/ET07/0/L21BABASE/2024,"Business administration"
/cattedreonline/corso/BA013/A/L21BABASE/2024,"Business administration"
/cattedreonline/corso/BA013/B/L21BABASE/2024,"Business administration"
/cattedreonline/corso/M294/A/19MLMBASE/2024,"Management"
/cattedreonline/corso/M294/B/19MLMBASE/2024,"Management"
/cattedreonline/corso/GMP02/0/LM19GMBASE/2024,"Global management and politics"
/cattedreonline/corso/M376/0/LMPAGECHPM/2024,"Policies and governance in europe"
/cattedreonline/corso/EM68/0/19MLMBASE/2024,"Management"
/cattedreonline/corso/EM68/0/LM19GMBASE/2024,"Global management and politics"
/cattedreonline/corso/MRK10/0/LM19KBASE/2024,"Marketing"
/cattedreonline/corso/M216/0/LMEFIAE/2024,"Economia e finanza"
/cattedreonline/corso/RM296/0/LMEFIRM/2024,"Economia e finanza"
/cattedreonline/corso/980/0/L21BBBASE/2024,"Economics and business"
/cattedreonline/corso/BA015/A/L21BABASE/2024,"Business administration"
/cattedreonline/corso/439/A/1EEL2BASE/2024,"Economia e management"
/cattedreonline/corso/BA015/B/L21BABASE/2024,"Business administration"
/cattedreonline/corso/439/B/1EEL2BASE/2024,"Economia e management"
/cattedreonline/corso/439/C/1EEL2BASE/2024,"Economia e management"
/cattedreonline/corso/439/D/1EEL2BASE/2024,"Economia e management"
/cattedreonline/corso/439/E/1EEL2BASE/2024,"Economia e management"
/cattedreonline/corso/MRK04/0/LM19KBASE/2024,"Marketing"
/cattedreonline/corso/MRK14/A/LM19KBASE/2024,"Marketing"
/cattedreonline/corso/MRK14/B/LM19KBASE/2024,"Marketing"
/cattedreonline/corso/BI010/0/LM19KBI/2024,"Marketing"
/cattedreonline/corso/MRK07/0/LM19KBASE/2024,"Marketing"
/cattedreonline/corso/M197/0/LM19KMK/2024,"Marketing"
/cattedreonline/corso/M163/0/LM19KMA/2024,"Marketing"
/cattedreonline/corso/ET23/0/1EEL2BASE/2024,"Economia e management"
/cattedreonline/corso/ET23/0/L22PSBASE/2024,"Scienze politiche"
/cattedreonline/corso/AB2/0/1EEL2BASE/2024,"Economia e management"
/cattedreonline/corso/M009/A/19MLMBASE/2024,"Management"
/cattedreonline/corso/M009/B/19MLMBASE/2024,"Management"
/cattedreonline/corso/AB3/A/1EEL2BASE/2024,"Economia e management"
/cattedreonline/corso/AB3/B/1EEL2BASE/2024,"Economia e management"
/cattedreonline/corso/AB3/C/1EEL2BASE/2024,"Economia e management"
/cattedreonline/corso/AB3/D/1EEL2BASE/2024,"Economia e management"
/cattedreonline/corso/AB3/E/1EEL2BASE/2024,"Economia e management"
/cattedreonline/corso/AB3/F/1EEL2BASE/2024,"Economia e management"
/cattedreonline/corso/044/A/1EEL2BASE/2024,"Economia e management"
/cattedreonline/corso/044/B/1EEL2BASE/2024,"Economia e management"
/cattedreonline/corso/044/C/1EEL2BASE/2024,"Economia e management"
/cattedreonline/corso/044/D/1EEL2BASE/2024,"Economia e management"
/cattedreonline/corso/044/E/1EEL2BASE/2024,"Economia e management"
/cattedreonline/corso/044/F/1EEL2BASE/2024,"Economia e management"
/cattedreonline/corso/AI3/0/3GSLMDN/2024,"Giurisprudenza"
/cattedreonline/corso/AQ5/0/L21BBMA/2024,"Economics and business"
/cattedreonline/corso/RM432/0/LMEFIRM/2024,"Economia e finanza"
/cattedreonline/corso/M432/0/LMEFIAE/2024,"Economia e finanza"
/cattedreonline/corso/M433/0/19FLMF1/2024,"Economia e finanza"
/cattedreonline/corso/RM238/0/LMEFIRM/2024,"Economia e finanza"
/cattedreonline/corso/TDS02/0/LAIMBASE/2024,"Management and artificial intelligence"
/cattedreonline/corso/T027/A/L21BBBASE/2024,"Economics and business"
/cattedreonline/corso/T027/B/L21BBBASE/2024,"Economics and business"
/cattedreonline/corso/976/A/L21BBBASE/2024,"Economics and business"
/cattedreonline/corso/976/B/L21BBBASE/2024,"Economics and business"
/cattedreonline/corso/M469/0/3GSLMDL/2024,"Giurisprudenza"
/cattedreonline/corso/T022/A/L22PPEBASE/2024,"Politics: philosophy and economics"
/cattedreonline/corso/T022/B/L22PPEBASE/2024,"Politics: philosophy and economics"
/cattedreonline/corso/MRK12/A/LM19KBASE/2024,"Marketing"
/cattedreonline/corso/MRK12/B/LM19KBASE/2024,"Marketing"
/cattedreonline/corso/M463/0/LM19KBASE/2024,"Marketing"
/cattedreonline/corso/M463/0/LMGAPPC/2024,"Governo, amministrazione e politica"
/cattedreonline/corso/M366/0/LMGAPBASE/2024,"Governo, amministrazione e politica"
/cattedreonline/corso/M431/0/19FLM1B/2024,"Economia e finanza"
/cattedreonline/corso/SMIS04/A/LMSMIBASE/2024,"Strategic management, innovation and sustainability"
/cattedreonline/corso/SMIS04/B/LMSMIBASE/2024,"Strategic management, innovation and sustainability"
/cattedreonline/corso/M266/0/LM19ABASE/2024,"Amministrazione, finanza e controllo"
/cattedreonline/corso/M208/0/LMGAPBASE/2024,"Governo, amministrazione e politica"
/cattedreonline/corso/718/A/3GSLMBASE/2024,"Giurisprudenza"
/cattedreonline/corso/718/B/3GSLMBASE/2024,"Giurisprudenza"
/cattedreonline/corso/718/C/3GSLMBASE/2024,"Giurisprudenza"
/cattedreonline/corso/718/D/3GSLMBASE/2024,"Giurisprudenza"
/cattedreonline/corso/718/E/3GSLMBASE/2024,"Giurisprudenza"
/cattedreonline/corso/334/A/L22PSBASE/2024,"Scienze politiche"
/cattedreonline/corso/334/B/L22PSBASE/2024,"Scienze politiche"
/cattedreonline/corso/263/A/L22PSBASE/2024,"Scienze politiche"
/cattedreonline/corso/T019/A/1EEL2BASE/2024,"Economia e management"
/cattedreonline/corso/263/B/L22PSBASE/2024,"Scienze politiche"
/cattedreonline/corso/T019/B/1EEL2BASE/2024,"Economia e management"
/cattedreonline/corso/T019/C/1EEL2BASE/2024,"Economia e management"
/cattedreonline/corso/T019/D/1EEL2BASE/2024,"Economia e management"
/cattedreonline/corso/T019/E/1EEL2BASE/2024,"Economia e management"
/cattedreonline/corso/T019/F/1EEL2BASE/2024,"Economia e management"
/cattedreonline/corso/SES/0/LMEFIAE/2024,"Economia e finanza"
/cattedreonline/corso/RMSES/0/LMEFIRM/2024,"Economia e finanza"
/cattedreonline/corso/TDS01/0/LAIMBASE/2024,"Management and artificial intelligence"
/cattedreonline/corso/974/A/L21BBBASE/2024,"Economics and business"
/cattedreonline/corso/AT6/A/L22PPEBASE/2024,"Politics: philosophy and economics"
/cattedreonline/corso/BA01/A/L21BABASE/2024,"Business administration"
/cattedreonline/corso/974/B/L21BBBASE/2024,"Economics and business"
/cattedreonline/corso/AT6/B/L22PPEBASE/2024,"Politics: philosophy and economics"
/cattedreonline/corso/BA01/B/L21BABASE/2024,"Business administration"
/cattedreonline/corso/EM76/0/LM20IRBASE/2024,"International relations"
/cattedreonline/corso/ET46/0/L22PSBASE/2024,"Scienze politiche"
/cattedreonline/corso/ET46/0/L22PPEBASE/2024,"Politics: philosophy and economics"
/cattedreonline/corso/AA8/0/1EEL2BASE/2024,"Economia e management"
/cattedreonline/corso/AA8/0/L21BBMA/2024,"Economics and business"
/cattedreonline/corso/AA8/0/L21BABASE/2024,"Business administration"
/cattedreonline/corso/EM03/0/LM19KBASE/2024,"Marketing"
/cattedreonline/corso/EM03/0/19MLMBASE/2024,"Management"
/cattedreonline/corso/GPLI06/0/3GSLMDV/2024,"Giurisprudenza"
/cattedreonline/corso/T042/0/L21BBBASE/2024,"Economics and business"
/cattedreonline/corso/T042/0/1EEL2BASE/2024,"Economia e management"
/cattedreonline/corso/T042/0/L22PSBASE/2024,"Scienze politiche"
/cattedreonline/corso/T042/0/L22PPEBASE/2024,"Politics: philosophy and economics"
/cattedreonline/corso/T042/0/3GSLMBASE/2024,"Giurisprudenza"
/cattedreonline/corso/T223/0/L22PPEBASE/2024,"Politics: philosophy and economics"
/cattedreonline/corso/T223/0/L21BBBASE/2024,"Economics and business"
/cattedreonline/corso/T223/0/L22PSBASE/2024,"Scienze politiche"
/cattedreonline/corso/M145/0/LMGAPGA/2024,"Governo, amministrazione e politica"
/cattedreonline/corso/M287/0/LM19ABASE/2024,"Amministrazione, finanza e controllo"
/cattedreonline/corso/M368/0/LMGAPPC/2024,"Governo, amministrazione e politica"
/cattedreonline/corso/BA017/0/L21BABASE/2024,"Business administration"
/cattedreonline/corso/M293/A/19MLMBASE/2024,"Management"
/cattedreonline/corso/M293/B/19MLMBASE/2024,"Management"
/cattedreonline/corso/SMIS09/C/LMSMIBASE/2024,"Strategic management, innovation and sustainability"
/cattedreonline/corso/SMIS09/D/LMSMIBASE/2024,"Strategic management, innovation and sustainability"
/cattedreonline/corso/EM47/0/19MLMBASE/2024,"Management"
/cattedreonline/corso/EM47/0/LM19GMBASE/2024,"Global management and politics"
/cattedreonline/corso/EM47/0/LM19KBASE/2024,"Marketing"
/cattedreonline/corso/M083/0/19MLMMS/2024,"Management"
/cattedreonline/corso/M083/0/LM19KBASE/2024,"Marketing"
/cattedreonline/corso/M083/0/LM19GMBASE/2024,"Global management and politics"
/cattedreonline/corso/049/A/1EEL2BASE/2024,"Economia e management"
/cattedreonline/corso/049/B/1EEL2BASE/2024,"Economia e management"
/cattedreonline/corso/049/C/1EEL2BASE/2024,"Economia e management"
/cattedreonline/corso/049/D/1EEL2BASE/2024,"Economia e management"
/cattedreonline/corso/049/E/1EEL2BASE/2024,"Economia e management"
/cattedreonline/corso/618/0/1EEL2BASE/2024,"Economia e management"
/cattedreonline/corso/M365/0/LMGAPGA/2024,"Governo, amministrazione e politica"
/cattedreonline/corso/M367/0/LMGAPPC/2024,"Governo, amministrazione e politica"
/cattedreonline/corso/M409/0/LM19ABASE/2024,"Amministrazione, finanza e controllo"
/cattedreonline/corso/BI014/0/LM19KMG/2024,"Marketing"
/cattedreonline/corso/T075/A/1EEL2BASE/2024,"Economia e management"
/cattedreonline/corso/T075/B/1EEL2BASE/2024,"Economia e management"
/cattedreonline/corso/T075/C/1EEL2BASE/2024,"Economia e management"
/cattedreonline/corso/T075/D/1EEL2BASE/2024,"Economia e management"
/cattedreonline/corso/T075/E/1EEL2BASE/2024,"Economia e management"
/cattedreonline/corso/T075/F/1EEL2BASE/2024,"Economia e management"
/cattedreonline/corso/M324/0/LMEFIAE/2024,"Economia e finanza"
/cattedreonline/corso/M373/0/LMPAGEBASE/2024,"Policies and governance in europe"
/cattedreonline/corso/S46/0/LMGAPPC/2024,"Governo, amministrazione e politica"
/cattedreonline/corso/191/A/L22PSBASE/2024,"Scienze politiche"
/cattedreonline/corso/191/B/L22PSBASE/2024,"Scienze politiche"
/cattedreonline/corso/T010/0/L22PPEBASE/2024,"Politics: philosophy and economics"
/cattedreonline/corso/GMP01/0/LM19GMBASE/2024,"Global management and politics"
/cattedreonline/corso/AN4/A/L22PPEBASE/2024,"Politics: philosophy and economics"
/cattedreonline/corso/AN4/B/L22PPEBASE/2024,"Politics: philosophy and economics"
/cattedreonline/corso/GMP12/0/LM19GMBASE/2024,"Global management and politics"
/cattedreonline/corso/T006/A/L22PPEBASE/2024,"Politics: philosophy and economics"
/cattedreonline/corso/T006/B/L22PPEBASE/2024,"Politics: philosophy and economics"
/cattedreonline/corso/T020/0/L22PPEBASE/2024,"Politics: philosophy and economics"
/cattedreonline/corso/LABOIR1/0/LM20IRBASE/2024,"International relations"
/cattedreonline/corso/T055/0/L22PSBASE/2024,"Scienze politiche"
/cattedreonline/corso/EM44/0/LMGAPGA/2024,"Governo, amministrazione e politica"
/cattedreonline/corso/T038/0/1EEL2BASE/2024,"Economia e management"
/cattedreonline/corso/T038/0/L22PPEBASE/2024,"Politics: philosophy and economics"
/cattedreonline/corso/T038/0/L22PSBASE/2024,"Scienze politiche"
/cattedreonline/corso/M142/0/LM19ABASE/2024,"Amministrazione, finanza e controllo"
/cattedreonline/corso/ABBM142/0/LM19ABASE/2024,"Amministrazione, finanza e controllo"
/cattedreonline/corso/AIM03/0/LAIMBASE/2024,"Management and artificial intelligence"
/cattedreonline/corso/BA02/A/L21BABASE/2024,"Business administration"
/cattedreonline/corso/BA02/B/L21BABASE/2024,"Business administration"
/cattedreonline/corso/858/A/L21BBBASE/2024,"Economics and business"
/cattedreonline/corso/858/B/L21BBBASE/2024,"Economics and business"
/cattedreonline/corso/859/A/L21BBBASE/2024,"Economics and business"
/cattedreonline/corso/859/B/L21BBBASE/2024,"Economics and business"
/cattedreonline/corso/GL06/0/L24GLOBASE/2024,"Global law"
/cattedreonline/corso/DSM09/0/LMDSMBASE/2024,"Data science and management"
/cattedreonline/corso/T107/0/3GSLMDZ/2024,"Giurisprudenza"
/cattedreonline/corso/GL05/0/L24GLOBASE/2024,"Global law"
/cattedreonline/corso/M241/0/19FLM1B/2024,"Economia e finanza"
/cattedreonline/corso/M168/0/19FLMF1/2024,"Economia e finanza"
/cattedreonline/corso/EM30/0/LM19ABASE/2024,"Amministrazione, finanza e controllo"
/cattedreonline/corso/M212/0/3GSLMDP/2024,"Giurisprudenza"
/cattedreonline/corso/SMIS03/A/LMSMIBASE/2024,"Strategic management, innovation and sustainability"
/cattedreonline/corso/SMIS03/B/LMSMIBASE/2024,"Strategic management, innovation and sustainability"
/cattedreonline/corso/M288/0/LM19AAC/2024,"Amministrazione, finanza e controllo"
/cattedreonline/corso/AJ5/0/3GSLMEL/2024,"Giurisprudenza"
/cattedreonline/corso/T029/0/L21BBBASE/2024,"Economics and business"
/cattedreonline/corso/T029/0/1EEL2BASE/2024,"Economia e management"
/cattedreonline/corso/AN5/A/L22PPEBASE/2024,"Politics: philosophy and economics"
/cattedreonline/corso/AN5/B/L22PPEBASE/2024,"Politics: philosophy and economics"
/cattedreonline/corso/LABDSM1/0/LMDSMBASE/2024,"Data science and management"
/cattedreonline/corso/MRK02/0/LM19KBASE/2024,"Marketing"
/cattedreonline/corso/M248/A/LM19WBASE/2024,"Corporate finance"
/cattedreonline/corso/M248/B/LM19WBASE/2024,"Corporate finance"
/cattedreonline/corso/SMIS10/C/LMSMIBASE/2024,"Strategic management, innovation and sustainability"
/cattedreonline/corso/SMIS10/D/LMSMIBASE/2024,"Strategic management, innovation and sustainability"
/cattedreonline/corso/ET30/0/3GSLMDV/2024,"Giurisprudenza"
/cattedreonline/corso/CF01/A/LM19WBASE/2024,"Corporate finance"
/cattedreonline/corso/CF01/B/LM19WBASE/2024,"Corporate finance"
/cattedreonline/corso/SS4/0/19FLMF1/2024,"Economia e finanza"
/cattedreonline/corso/SS4/0/LM19WBASE/2024,"Corporate finance"
/cattedreonline/corso/T108/0/L22PSBASE/2024,"Scienze politiche"
/cattedreonline/corso/SMDIM00020/0/1EEL2BASE/2024,"Economia e management"
/cattedreonline/corso/SMDIM00020/0/L21BBBASE/2024,"Economics and business"
/cattedreonline/corso/ET01/0/1EEL2BASE/2024,"Economia e management"
/cattedreonline/corso/M378/0/LMPAGEEG/2024,"Policies and governance in europe"
/cattedreonline/corso/421/A/L22PSBASE/2024,"Scienze politiche"
/cattedreonline/corso/421/B/L22PSBASE/2024,"Scienze politiche"
/cattedreonline/corso/PG01/0/LMPAGEBASE/2024,"Policies and governance in europe"
/cattedreonline/corso/LABVGMP02/0/LM19GMBASE/2024,"Global management and politics"
/cattedreonline/corso/IR01/A/LM20IRBASE/2024,"International relations"
/cattedreonline/corso/IR01/B/LM20IRBASE/2024,"International relations"
/cattedreonline/corso/M516/A/19MLMBASE/2024,"Management"
/cattedreonline/corso/M516/B/19MLMBASE/2024,"Management"
/cattedreonline/corso/M258/0/LM19KMG/2024,"Marketing"
/cattedreonline/corso/M166/0/LM19KMR/2024,"Marketing"
/cattedreonline/corso/M133/0/LM19AAE/2024,"Amministrazione, finanza e controllo"
/cattedreonline/corso/AL7/0/1EEL2BASE/2024,"Economia e management"
/cattedreonline/corso/EM59/0/LM19ABASE/2024,"Amministrazione, finanza e controllo"
/cattedreonline/corso/SHS/0/LM19WBASE/2024,"Corporate finance"
/cattedreonline/corso/M174/0/19FLMF1/2024,"Economia e finanza"
/cattedreonline/corso/SMDEF00001/0/LM19ABASE/2024,"Amministrazione, finanza e controllo"
/cattedreonline/corso/SMDEF00001/0/LMDSMBASE/2024,"Data science and management"
/cattedreonline/corso/SMDEF00001/0/LM19KBASE/2024,"Marketing"
/cattedreonline/corso/SMDEF00001/0/LM19WBASE/2024,"Corporate finance"
/cattedreonline/corso/SMDEF00001/0/19FLMBASE/2024,"Economia e finanza"
/cattedreonline/corso/SMDEF00001/0/19MLMBASE/2024,"Management"
/cattedreonline/corso/SMDEF00001/0/LMSMIBASE/2024,"Strategic management, innovation and sustainability"
/cattedreonline/corso/SMDEF00001/0/LM19GMBASE/2024,"Global management and politics"
/cattedreonline/corso/M543/0/LM19GMBASE/2024,"Global management and politics"
/cattedreonline/corso/M543/0/LM20IRBASE/2024,"International relations"
/cattedreonline/corso/SAV/0/LM20IRBASE/2024,"International relations"
/cattedreonline/corso/M410/0/LM19ABASE/2024,"Amministrazione, finanza e controllo"
/cattedreonline/corso/ET19/0/1EEL2BASE/2024,"Economia e management"
/cattedreonline/corso/061/A/L22PSBASE/2024,"Scienze politiche"
/cattedreonline/corso/061/A/3GSLMDA/2024,"Giurisprudenza"
/cattedreonline/corso/061/B/3GSLMDA/2024,"Giurisprudenza"
/cattedreonline/corso/061/B/L22PSBASE/2024,"Scienze politiche"
/cattedreonline/corso/M358/0/LM20IRS/2024,"International relations"
/cattedreonline/corso/M357/0/LM20IRS/2024,"International relations"
/cattedreonline/corso/T062/0/1EEL2BASE/2024,"Economia e management"
/cattedreonline/corso/T062/0/L21BABASE/2024,"Business administration"
/cattedreonline/corso/SKD/0/LMGAPBASE/2024,"Governo, amministrazione e politica"
/cattedreonline/corso/M360/0/LM20IRM/2024,"International relations"
/cattedreonline/corso/M379/0/LMPAGEEG/2024,"Policies and governance in europe"
/cattedreonline/corso/M379/0/LMGAPBASE/2024,"Governo, amministrazione e politica"
/cattedreonline/corso/EH05/0/L22PPEBASE/2024,"Politics: philosophy and economics"
/cattedreonline/corso/T077/0/L22PSBASE/2024,"Scienze politiche"
/cattedreonline/corso/556/A/L22PSBASE/2024,"Scienze politiche"
/cattedreonline/corso/556/B/L22PSBASE/2024,"Scienze politiche"
/cattedreonline/corso/CL02/0/L22PSBASE/2024,"Scienze politiche"
/cattedreonline/corso/CL02/0/1EEL2BASE/2024,"Economia e management"
/cattedreonline/corso/CL02/0/L22PPEBASE/2024,"Politics: philosophy and economics"
/cattedreonline/corso/CL02/0/3GSLMBASE/2024,"Giurisprudenza"
/cattedreonline/corso/365/0/L22PSBASE/2024,"Scienze politiche"
/cattedreonline/corso/365/0/1EEL2BASE/2024,"Economia e management"
/cattedreonline/corso/T014/A/L22PSBASE/2024,"Scienze politiche"
/cattedreonline/corso/T014/B/L22PSBASE/2024,"Scienze politiche"
/cattedreonline/corso/AN6/A/L22PPEBASE/2024,"Politics: philosophy and economics"
/cattedreonline/corso/AN6/B/L22PPEBASE/2024,"Politics: philosophy and economics"
/cattedreonline/corso/M359/0/LM20IRS/2024,"International relations"
/cattedreonline/corso/EM81/0/LM20IRBASE/2024,"International relations"
/cattedreonline/corso/SV8/0/LM20IRBASE/2024,"International relations"
/cattedreonline/corso/041/0/L22PPEBASE/2024,"Politics: philosophy and economics"
/cattedreonline/corso/041/0/L22PSBASE/2024,"Scienze politiche"
/cattedreonline/corso/T456/A/1EEL2BASE/2024,"Economia e management"
/cattedreonline/corso/358/A/L22PSBASE/2024,"Scienze politiche"
/cattedreonline/corso/T456/B/1EEL2BASE/2024,"Economia e management"
/cattedreonline/corso/358/B/L22PSBASE/2024,"Scienze politiche"
/cattedreonline/corso/T456/C/1EEL2BASE/2024,"Economia e management"
/cattedreonline/corso/T456/D/1EEL2BASE/2024,"Economia e management"
/cattedreonline/corso/T456/E/1EEL2BASE/2024,"Economia e management"
/cattedreonline/corso/T456/F/1EEL2BASE/2024,"Economia e management"
/cattedreonline/corso/SAET/A/1EEL2BASE/2024,"Economia e management"
/cattedreonline/corso/SAET/B/1EEL2BASE/2024,"Economia e management"
/cattedreonline/corso/SAET/C/1EEL2BASE/2024,"Economia e management"
/cattedreonline/corso/SAET/D/1EEL2BASE/2024,"Economia e management"
/cattedreonline/corso/SAET/E/1EEL2BASE/2024,"Economia e management"
/cattedreonline/corso/AI4/0/3GSLMDN/2024,"Giurisprudenza"
/cattedreonline/corso/AIM02/0/LAIMBASE/2024,"Management and artificial intelligence"
/cattedreonline/corso/AN1/A/L22PPEBASE/2024,"Politics: philosophy and economics"
/cattedreonline/corso/BA06/A/L21BABASE/2024,"Business administration"
/cattedreonline/corso/854/A/L21BBBASE/2024,"Economics and business"
/cattedreonline/corso/854/B/L21BBBASE/2024,"Economics and business"
/cattedreonline/corso/AN1/B/L22PPEBASE/2024,"Politics: philosophy and economics"
/cattedreonline/corso/BA06/B/L21BABASE/2024,"Business administration"
/cattedreonline/corso/101/A/L22PSBASE/2024,"Scienze politiche"
/cattedreonline/corso/101/B/L22PSBASE/2024,"Scienze politiche"
/cattedreonline/corso/807/A/3GSLMBASE/2024,"Giurisprudenza"
/cattedreonline/corso/807/B/3GSLMBASE/2024,"Giurisprudenza"
/cattedreonline/corso/807/C/3GSLMBASE/2024,"Giurisprudenza"
/cattedreonline/corso/807/D/3GSLMBASE/2024,"Giurisprudenza"
/cattedreonline/corso/807/E/3GSLMBASE/2024,"Giurisprudenza"
/cattedreonline/corso/CL01/0/1EEL2BASE/2024,"Economia e management"
/cattedreonline/corso/CL01/0/L22PPEBASE/2024,"Politics: philosophy and economics"
/cattedreonline/corso/CL01/0/3GSLMBASE/2024,"Giurisprudenza"
/cattedreonline/corso/CL01/0/L22PSBASE/2024,"Scienze politiche"
/cattedreonline/corso/CL01/0/L21BBBASE/2024,"Economics and business"
/cattedreonline/corso/670/0/1EEL2BASE/2024,"Economia e management"
/cattedreonline/corso/AR4/A/1EEL2BASE/2024,"Economia e management"
/cattedreonline/corso/AR4/B/1EEL2BASE/2024,"Economia e management"
/cattedreonline/corso/AR4/C/1EEL2BASE/2024,"Economia e management"
/cattedreonline/corso/AR4/D/1EEL2BASE/2024,"Economia e management"
/cattedreonline/corso/AR4/E/1EEL2BASE/2024,"Economia e management"
/cattedreonline/corso/AR4/F/1EEL2BASE/2024,"Economia e management"
/cattedreonline/corso/A08/0/L22PSBASE/2024,"Scienze politiche"
/cattedreonline/corso/264/A/L22PSBASE/2024,"Scienze politiche"
/cattedreonline/corso/264/B/L22PSBASE/2024,"Scienze politiche"
/cattedreonline/corso/M363/0/LMGAPBASE/2024,"Governo, amministrazione e politica"
/cattedreonline/corso/EH08/0/L22PSBASE/2024,"Scienze politiche"
/cattedreonline/corso/T095/0/L22PSBASE/2024,"Scienze politiche"
/cattedreonline/corso/SGJ/0/1EEL2BASE/2024,"Economia e management"
/cattedreonline/corso/EM65/0/19MLMBASE/2024,"Management"
/cattedreonline/corso/M081/0/LM19WBASE/2024,"Corporate finance"
/cattedreonline/corso/M289/0/LM19AAC/2024,"Amministrazione, finanza e controllo"
/cattedreonline/corso/S59/0/L22PSBASE/2024,"Scienze politiche"
/cattedreonline/corso/ET48/0/L21BBBASE/2024,"Economics and business"
/cattedreonline/corso/ET48/0/L21BABASE/2024,"Business administration"
/cattedreonline/corso/EFI09/0/19FLMF1/2024,"Economia e finanza"
/cattedreonline/corso/EFI09/0/LM19WBASE/2024,"Corporate finance"
/cattedreonline/corso/SV7/0/LM20IRBASE/2024,"International relations"
/cattedreonline/corso/042/0/L22PPEBASE/2024,"Politics: philosophy and economics"
/cattedreonline/corso/042/0/L22PSBASE/2024,"Scienze politiche"
/cattedreonline/corso/M243/0/19FLM1B/2024,"Economia e finanza"
/cattedreonline/corso/SHG/0/19FLM1B/2024,"Economia e finanza"
/cattedreonline/corso/AP4/A/L22PSBASE/2024,"Scienze politiche"
/cattedreonline/corso/AP4/B/L22PSBASE/2024,"Scienze politiche"
/cattedreonline/corso/T091/0/L22PSBASE/2024,"Scienze politiche"
/cattedreonline/corso/T091/0/3GSLMBASE/2024,"Giurisprudenza"
/cattedreonline/corso/M372/0/LMPAGEBASE/2024,"Policies and governance in europe"
/cattedreonline/corso/M313/0/L22PPEBASE/2024,"Politics: philosophy and economics"
/cattedreonline/corso/M313/0/L22PSBASE/2024,"Scienze politiche"
/cattedreonline/corso/M371/0/LMPAGEBASE/2024,"Policies and governance in europe"
/cattedreonline/corso/M356/0/LM20IRD/2024,"International relations"
/cattedreonline/corso/M328/0/LMPAGECHPM/2024,"Policies and governance in europe"
/cattedreonline/corso/M395/0/3GSLMEL/2024,"Giurisprudenza"
/cattedreonline/corso/EM79/0/LM20IRBASE/2024,"International relations"
/cattedreonline/corso/SMDIM00022/0/LM19KBI/2024,"Marketing"
/cattedreonline/corso/SAD/0/19MLMMF/2024,"Management"
/cattedreonline/corso/SAD/0/LM19GMBASE/2024,"Global management and politics"
/cattedreonline/corso/GL04/0/L24GLOBASE/2024,"Global law"
/cattedreonline/corso/M074/0/3GSLMDL/2024,"Giurisprudenza"
/cattedreonline/corso/893/0/3GSLMDZ/2024,"Giurisprudenza"
/cattedreonline/corso/ET24/0/1EEL2BASE/2024,"Economia e management"
/cattedreonline/corso/LABA04/0/L21BABASE/2024,"Business administration"
/cattedreonline/corso/EM64/0/LM20IRBASE/2024,"International relations"
/cattedreonline/corso/ACE01/0/L21BABASE/2024,"Business administration"
/cattedreonline/corso/M539/0/LMPAGEBASE/2024,"Policies and governance in europe"
/cattedreonline/corso/M541B/A/LM20IRBASE/2024,"International relations"
/cattedreonline/corso/M541/A/LM20IRBASE/2024,"International relations"
/cattedreonline/corso/M541/B/LM20IRBASE/2024,"International relations"
/cattedreonline/corso/M541B/B/LM20IRBASE/2024,"International relations"
/cattedreonline/corso/LABPAGE01/0/LMPAGEBASE/2024,"Policies and governance in europe"
/cattedreonline/corso/LABIR01/A/LM20IRBASE/2024,"International relations"
/cattedreonline/corso/LABIR01/B/LM20IRBASE/2024,"International relations"
/cattedreonline/corso/XLAB03/0/LMSMIBASE/2024,"Strategic management, innovation and sustainability"
/cattedreonline/corso/XLAB05/0/LMSMIBASE/2024,"Strategic management, innovation and sustainability"
/cattedreonline/corso/XLAB02/0/LMSMIBASE/2024,"Strategic management, innovation and sustainability"
/cattedreonline/corso/XLAB04/0/LMSMIBASE/2024,"Strategic management, innovation and sustainability"
/cattedreonline/corso/XLAB06/0/LMSMIBASE/2024,"Strategic management, innovation and sustainability"
/cattedreonline/corso/XLAB01/0/LMSMIBASE/2024,"Strategic management, innovation and sustainability"
